"#Z","energy (eV)","subshell"
3,54.75,"Kedge"
4,111,"Kedge"
5,187.99,"Kedge"
6,283.79,"Kedge"
7,401.58,"Kedge"
8,531.98,"Kedge"
9,685.37,"Kedge"
10,866.86,"Kedge"
11,1072.1,"Kedge"
12,1304.9,"Kedge"
13,1559.5,"Kedge"
14,1838.8,"Kedge"
15,2145.4,"Kedge"
16,2471.9,"Kedge"
17,2822.3,"Kedge"
18,3202.8,"Kedge"
19,3607.2,"Kedge"
20,4037.9,"Kedge"
21,4492.6,"Kedge"
22,4966.2,"Kedge"
23,5464.9,"Kedge"
24,5988.9,"Kedge"
25,6538.7,"Kedge"
26,7111.7,"Kedge"
27,7708.6,"Kedge"
28,8332.4,"Kedge"
29,8978.5,"Kedge"
30,9658.2,"Kedge"
31,10367,"Kedge"
32,11103,"Kedge"
33,11866,"Kedge"
34,12657,"Kedge"
35,13473,"Kedge"
36,14325,"Kedge"
37,15199,"Kedge"
38,16104,"Kedge"
39,17038,"Kedge"
40,17997,"Kedge"
41,18985,"Kedge"
42,19999,"Kedge"
43,21043,"Kedge"
44,22116,"Kedge"
45,23219,"Kedge"
46,24349,"Kedge"
47,25513,"Kedge"
48,26710,"Kedge"
49,27939,"Kedge"
50,29199,"Kedge"
51,30490,"Kedge"
52,31812,"Kedge"
53,33168,"Kedge"
54,34560,"Kedge"
55,35983,"Kedge"
56,37439,"Kedge"
57,38923,"Kedge"
58,40441,"Kedge"
59,41989,"Kedge"
60,43567,"Kedge"
61,45182,"Kedge"
62,46832,"Kedge"
63,48517,"Kedge"
64,50237,"Kedge"
65,51994,"Kedge"
66,53786,"Kedge"
67,55615,"Kedge"
68,57483,"Kedge"
69,59387,"Kedge"
70,61330,"Kedge"
71,63311,"Kedge"
72,65348,"Kedge"
73,67414,"Kedge"
74,69522,"Kedge"
75,71673,"Kedge"
76,73868,"Kedge"
77,76108,"Kedge"
78,78392,"Kedge"
79,80722,"Kedge"
80,83099,"Kedge"
81,85527,"Kedge"
82,88001,"Kedge"
83,90522,"Kedge"
84,93101,"Kedge"
85,95726,"Kedge"
86,98400,"Kedge"
87,101130,"Kedge"
88,103920,"Kedge"
89,106750,"Kedge"
90,109650,"Kedge"
91,112600,"Kedge"
92,115600,"Kedge"
93,118670,"Kedge"
94,121810,"Kedge"
95,125020,"Kedge"
8,23.7,"LIedge"
9,31,"LIedge"
10,45,"LIedge"
11,63.3,"LIedge"
12,89.4,"LIedge"
13,117.7,"LIedge"
14,148.69,"LIedge"
15,189.29,"LIedge"
16,229.19,"LIedge"
17,270.19,"LIedge"
18,319.99,"LIedge"
19,377.08,"LIedge"
20,437.78,"LIedge"
21,500.38,"LIedge"
22,563.68,"LIedge"
23,628.17,"LIedge"
24,694.57,"LIedge"
25,768.97,"LIedge"
26,846.06,"LIedge"
27,925.56,"LIedge"
28,1008.1,"LIedge"
29,1096.1,"LIedge"
30,1193.5,"LIedge"
31,1297.6,"LIedge"
32,1414.2,"LIedge"
33,1526.4,"LIedge"
34,1653.8,"LIedge"
35,1781.9,"LIedge"
36,1920.9,"LIedge"
37,2065,"LIedge"
38,2216.2,"LIedge"
39,2372.4,"LIedge"
40,2531.5,"LIedge"
41,2697.6,"LIedge"
42,2865.4,"LIedge"
43,3042.4,"LIedge"
44,3223.9,"LIedge"
45,3411.8,"LIedge"
46,3604.1,"LIedge"
47,3805.6,"LIedge"
48,4017.8,"LIedge"
49,4237.3,"LIedge"
50,4464.5,"LIedge"
51,4698.1,"LIedge"
52,4939,"LIedge"
53,5187.9,"LIedge"
54,5452.6,"LIedge"
55,5714.1,"LIedge"
56,5988.5,"LIedge"
57,6266,"LIedge"
58,6548.5,"LIedge"
59,6834.5,"LIedge"
60,7125.7,"LIedge"
61,7427.6,"LIedge"
62,7736.5,"LIedge"
63,8051.7,"LIedge"
64,8375.2,"LIedge"
65,8707.6,"LIedge"
66,9045.4,"LIedge"
67,9393.8,"LIedge"
68,9750.9,"LIedge"
69,10115,"LIedge"
70,10486,"LIedge"
71,10870,"LIedge"
72,11270,"LIedge"
73,11681,"LIedge"
74,12099,"LIedge"
75,12526,"LIedge"
76,12967,"LIedge"
77,13418,"LIedge"
78,13879,"LIedge"
79,14352,"LIedge"
80,14839,"LIedge"
81,15346,"LIedge"
82,15860,"LIedge"
83,16387,"LIedge"
84,16939,"LIedge"
85,17492,"LIedge"
86,18048,"LIedge"
87,18638,"LIedge"
88,19236,"LIedge"
89,19839,"LIedge"
90,20471,"LIedge"
91,21104,"LIedge"
92,21756,"LIedge"
93,22426,"LIedge"
94,23096,"LIedge"
95,23772,"LIedge"
10,18.3,"LIIedge"
11,31.1,"LIIedge"
12,51.4,"LIIedge"
13,73.1,"LIIedge"
14,99.2,"LIIedge"
15,132.19,"LIIedge"
16,164.79,"LIIedge"
17,201.59,"LIIedge"
18,247.29,"LIIedge"
19,296.29,"LIIedge"
20,349.99,"LIIedge"
21,406.68,"LIIedge"
22,461.48,"LIIedge"
23,520.48,"LIIedge"
24,583.68,"LIIedge"
25,651.37,"LIIedge"
26,721.07,"LIIedge"
27,793.57,"LIIedge"
28,871.86,"LIIedge"
29,950.96,"LIIedge"
30,1042.8,"LIIedge"
31,1142.3,"LIIedge"
32,1247.7,"LIIedge"
33,1358.5,"LIIedge"
34,1476.1,"LIIedge"
35,1595.9,"LIIedge"
36,1727.1,"LIIedge"
37,1863.8,"LIIedge"
38,2006.7,"LIIedge"
39,2155.4,"LIIedge"
40,2306.6,"LIIedge"
41,2464.6,"LIIedge"
42,2625,"LIIedge"
43,2793.1,"LIIedge"
44,2966.8,"LIIedge"
45,3146,"LIIedge"
46,3330.2,"LIIedge"
47,3523.6,"LIIedge"
48,3726.8,"LIIedge"
49,3937.8,"LIIedge"
50,4155.9,"LIIedge"
51,4380.2,"LIIedge"
52,4611.8,"LIIedge"
53,4851.9,"LIIedge"
54,5103.5,"LIIedge"
55,5359.2,"LIIedge"
56,5623.4,"LIIedge"
57,5890.4,"LIIedge"
58,6163.9,"LIIedge"
59,6440.1,"LIIedge"
60,6721.2,"LIIedge"
61,7012.5,"LIIedge"
62,7311.5,"LIIedge"
63,7616.8,"LIIedge"
64,7930,"LIIedge"
65,8251.3,"LIIedge"
66,8580.2,"LIIedge"
67,8917.4,"LIIedge"
68,9263.9,"LIIedge"
69,9616.5,"LIIedge"
70,9977.8,"LIIedge"
71,10348,"LIIedge"
72,10739,"LIIedge"
73,11136,"LIIedge"
74,11544,"LIIedge"
75,11958,"LIIedge"
76,12384,"LIIedge"
77,12824,"LIIedge"
78,13272,"LIIedge"
79,13733,"LIIedge"
80,14208,"LIIedge"
81,14697,"LIIedge"
82,15199,"LIIedge"
83,15710,"LIIedge"
84,16244,"LIIedge"
85,16784,"LIIedge"
86,17336,"LIIedge"
87,17906,"LIIedge"
88,18484,"LIIedge"
89,19082,"LIIedge"
90,19692,"LIIedge"
91,20313,"LIIedge"
92,20947,"LIIedge"
93,21600,"LIIedge"
94,22265,"LIIedge"
95,22943,"LIIedge"
10,18.3,"LIIIedge"
11,31.1,"LIIIedge"
12,51.4,"LIIIedge"
13,73.1,"LIIIedge"
14,99.2,"LIIIedge"
15,132.19,"LIIIedge"
16,164.8,"LIIIedge"
17,199.99,"LIIIedge"
18,245.19,"LIIIedge"
19,293.59,"LIIIedge"
20,346.39,"LIIIedge"
21,402.18,"LIIIedge"
22,455.48,"LIIIedge"
23,512.88,"LIIIedge"
24,574.48,"LIIIedge"
25,640.27,"LIIIedge"
26,708.07,"LIIIedge"
27,778.57,"LIIIedge"
28,854.66,"LIIIedge"
29,931.06,"LIIIedge"
30,1019.7,"LIIIedge"
31,1115.4,"LIIIedge"
32,1216.6,"LIIIedge"
33,1323,"LIIIedge"
34,1435.7,"LIIIedge"
35,1549.8,"LIIIedge"
36,1674.8,"LIIIedge"
37,1804.3,"LIIIedge"
38,1939.5,"LIIIedge"
39,2079.9,"LIIIedge"
40,2222.2,"LIIIedge"
41,2370.4,"LIIIedge"
42,2520.1,"LIIIedge"
43,2676.8,"LIIIedge"
44,2837.8,"LIIIedge"
45,3003.7,"LIIIedge"
46,3173.2,"LIIIedge"
47,3351,"LIIIedge"
48,3537.4,"LIIIedge"
49,3729.9,"LIIIedge"
50,3928.6,"LIIIedge"
51,4132,"LIIIedge"
52,4341.2,"LIIIedge"
53,4556.9,"LIIIedge"
54,4782,"LIIIedge"
55,5011.7,"LIIIedge"
56,5246.8,"LIIIedge"
57,5482.5,"LIIIedge"
58,5723.2,"LIIIedge"
59,5964,"LIIIedge"
60,6207.6,"LIIIedge"
61,6459,"LIIIedge"
62,6715.9,"LIIIedge"
63,6976.6,"LIIIedge"
64,7242.5,"LIIIedge"
65,7513.7,"LIIIedge"
66,7789.8,"LIIIedge"
67,8070.8,"LIIIedge"
68,8357.5,"LIIIedge"
69,8647.6,"LIIIedge"
70,8943.2,"LIIIedge"
71,9243.7,"LIIIedge"
72,9560.3,"LIIIedge"
73,9880.7,"LIIIedge"
74,10206,"LIIIedge"
75,10535,"LIIIedge"
76,10870,"LIIIedge"
77,11215,"LIIIedge"
78,11563,"LIIIedge"
79,11918,"LIIIedge"
80,12283,"LIIIedge"
81,12657,"LIIIedge"
82,13035,"LIIIedge"
83,13418,"LIIIedge"
84,13813,"LIIIedge"
85,14213,"LIIIedge"
86,14619,"LIIIedge"
87,15031,"LIIIedge"
88,15444,"LIIIedge"
89,15870,"LIIIedge"
90,16300,"LIIIedge"
91,16732,"LIIIedge"
92,17166,"LIIIedge"
93,17609,"LIIIedge"
94,18056,"LIIIedge"
95,18503,"LIIIedge"
18,25.3,"MIedge"
19,33.9,"MIedge"
20,43.7,"MIedge"
21,53.8,"MIedge"
22,60.3,"MIedge"
23,66.5,"MIedge"
24,74.1,"MIedge"
25,83.9,"MIedge"
26,92.9,"MIedge"
27,100.7,"MIedge"
28,111.8,"MIedge"
29,119.79,"MIedge"
30,135.89,"MIedge"
31,158.09,"MIedge"
32,179.99,"MIedge"
33,203.49,"MIedge"
34,231.49,"MIedge"
35,256.49,"MIedge"
36,287.22,"MIedge"
37,322.09,"MIedge"
38,357.48,"MIedge"
39,393.58,"MIedge"
40,430.28,"MIedge"
41,468.38,"MIedge"
42,504.58,"MIedge"
43,543.58,"MIedge"
44,584.98,"MIedge"
45,627.07,"MIedge"
46,669.87,"MIedge"
47,717.47,"MIedge"
48,770.17,"MIedge"
49,825.57,"MIedge"
50,883.76,"MIedge"
51,943.66,"MIedge"
52,1006,"MIedge"
53,1072.1,"MIedge"
54,1142.7,"MIedge"
55,1217,"MIedge"
56,1292.7,"MIedge"
57,1361.2,"MIedge"
58,1434.5,"MIedge"
59,1510.9,"MIedge"
60,1575.2,"MIedge"
61,1646.23,"MIedge"
62,1722.7,"MIedge"
63,1799.9,"MIedge"
64,1880.7,"MIedge"
65,1967.4,"MIedge"
66,2046.7,"MIedge"
67,2128.2,"MIedge"
68,2206.4,"MIedge"
69,2306.7,"MIedge"
70,2398,"MIedge"
71,2491.1,"MIedge"
72,2600.8,"MIedge"
73,2707.9,"MIedge"
74,2819.5,"MIedge"
75,2931.6,"MIedge"
76,3048.4,"MIedge"
77,3173.6,"MIedge"
78,3295.9,"MIedge"
79,3424.8,"MIedge"
80,3561.5,"MIedge"
81,3703.9,"MIedge"
82,3850.5,"MIedge"
83,3998.9,"MIedge"
84,4149.2,"MIedge"
85,4316.8,"MIedge"
86,4481.8,"MIedge"
87,4651.8,"MIedge"
88,4821.8,"MIedge"
89,5001.8,"MIedge"
90,5182.1,"MIedge"
91,5366.7,"MIedge"
92,5547.8,"MIedge"
93,5723,"MIedge"
94,5932.7,"MIedge"
95,6120.2,"MIedge"
20,25.4,"MIIedge"
21,32.3,"MIIedge"
22,34.6,"MIIedge"
23,37.8,"MIIedge"
24,42.5,"MIIedge"
25,48.6,"MIIedge"
26,54,"MIIedge"
27,59.5,"MIIedge"
28,68.1,"MIIedge"
29,73.6,"MIIedge"
30,86.6,"MIIedge"
31,106.8,"MIIedge"
32,127.89,"MIIedge"
33,146.39,"MIIedge"
34,168.19,"MIIedge"
35,189.29,"MIIedge"
36,222.69,"MIIedge"
37,247.39,"MIIedge"
38,279.79,"MIIedge"
39,312.39,"MIIedge"
40,344.19,"MIIedge"
41,378.38,"MIIedge"
42,409.68,"MIIedge"
43,444.88,"MIIedge"
44,482.78,"MIIedge"
45,520.98,"MIIedge"
46,559.08,"MIIedge"
47,602.37,"MIIedge"
48,650.67,"MIIedge"
49,702.17,"MIIedge"
50,756.37,"MIIedge"
51,811.87,"MIIedge"
52,869.66,"MIIedge"
53,930.46,"MIIedge"
54,998.96,"MIIedge"
55,1065,"MIIedge"
56,1136.7,"MIIedge"
57,1204.3,"MIIedge"
58,1272.7,"MIIedge"
59,1337.3,"MIIedge"
60,1402.7,"MIIedge"
61,1471.3,"MIIedge"
62,1540.6,"MIIedge"
63,1613.8,"MIIedge"
64,1688.2,"MIIedge"
65,1767.6,"MIIedge"
66,1841.7,"MIIedge"
67,1922.7,"MIIedge"
68,2005.7,"MIIedge"
69,2089.7,"MIIedge"
70,2172.9,"MIIedge"
71,2263.4,"MIIedge"
72,2365.3,"MIIedge"
73,2468.6,"MIIedge"
74,2574.8,"MIIedge"
75,2681.5,"MIIedge"
76,2792.1,"MIIedge"
77,2908.6,"MIIedge"
78,3026.4,"MIIedge"
79,3147.7,"MIIedge"
80,3278.4,"MIIedge"
81,3415.6,"MIIedge"
82,3554.1,"MIIedge"
83,3696.1,"MIIedge"
84,3853.9,"MIIedge"
85,4007.8,"MIIedge"
86,4158.8,"MIIedge"
87,4326.8,"MIIedge"
88,4489.3,"MIIedge"
89,4655.8,"MIIedge"
90,4830.2,"MIIedge"
91,5000.7,"MIIedge"
92,5182,"MIIedge"
93,5366,"MIIedge"
94,5541,"MIIedge"
95,5710,"MIIedge"
21,32.3,"MIIIedge"
22,34.6,"MIIIedge"
23,37.8,"MIIIedge"
24,42.5,"MIIIedge"
25,48.6,"MIIIedge"
26,54,"MIIIedge"
27,59.5,"MIIIedge"
28,68.1,"MIIIedge"
29,73.6,"MIIIedge"
30,86.6,"MIIIedge"
31,102.9,"MIIIedge"
32,120.79,"MIIIedge"
33,140.49,"MIIIedge"
34,161.89,"MIIIedge"
35,181.49,"MIIIedge"
36,213.79,"MIIIedge"
37,238.49,"MIIIedge"
38,269.09,"MIIIedge"
39,300.29,"MIIIedge"
40,330.49,"MIIIedge"
41,362.98,"MIIIedge"
42,392.28,"MIIIedge"
43,424.98,"MIIIedge"
44,460.58,"MIIIedge"
45,496.18,"MIIIedge"
46,531.48,"MIIIedge"
47,571.38,"MIIIedge"
48,616.47,"MIIIedge"
49,664.27,"MIIIedge"
50,714.37,"MIIIedge"
51,765.57,"MIIIedge"
52,818.67,"MIIIedge"
53,874.56,"MIIIedge"
54,936.96,"MIIIedge"
55,997.56,"MIIIedge"
56,1062.2,"MIIIedge"
57,1123.4,"MIIIedge"
58,1185.4,"MIIIedge"
59,1242.1,"MIIIedge"
60,1297.3,"MIIIedge"
61,1356.8,"MIIIedge"
62,1419.7,"MIIIedge"
63,1480.5,"MIIIedge"
64,1543.9,"MIIIedge"
65,1611.2,"MIIIedge"
66,1675.5,"MIIIedge"
67,1741.1,"MIIIedge"
68,1811.7,"MIIIedge"
69,1884.4,"MIIIedge"
70,1949.7,"MIIIedge"
71,2023.5,"MIIIedge"
72,2107.5,"MIIIedge"
73,2193.9,"MIIIedge"
74,2280.9,"MIIIedge"
75,2367.2,"MIIIedge"
76,2457.1,"MIIIedge"
77,2550.6,"MIIIedge"
78,2645.3,"MIIIedge"
79,2742.9,"MIIIedge"
80,2847,"MIIIedge"
81,2956.5,"MIIIedge"
82,3066.3,"MIIIedge"
83,3176.8,"MIIIedge"
84,3301.8,"MIIIedge"
85,3425.9,"MIIIedge"
86,3537.9,"MIIIedge"
87,3662.8,"MIIIedge"
88,3791.6,"MIIIedge"
89,3908.8,"MIIIedge"
90,4045.9,"MIIIedge"
91,4173.6,"MIIIedge"
92,4303.2,"MIIIedge"
93,4434.5,"MIIIedge"
94,4556.4,"MIIIedge"
95,4666.8,"MIIIedge"
33,41.2,"MIVedge"
34,56.7,"MIVedge"
35,70.1,"MIVedge"
36,88.9,"MIVedge"
37,111.8,"MIVedge"
38,134.99,"MIVedge"
39,159.59,"MIVedge"
40,182.39,"MIVedge"
41,207.39,"MIVedge"
42,230.29,"MIVedge"
43,256.39,"MIVedge"
44,283.59,"MIVedge"
45,311.69,"MIVedge"
46,339.99,"MIVedge"
47,372.78,"MIVedge"
48,410.48,"MIVedge"
49,450.78,"MIVedge"
50,493.28,"MIVedge"
51,536.88,"MIVedge"
52,582.48,"MIVedge"
53,631.27,"MIVedge"
54,683.77,"MIVedge"
55,739.47,"MIVedge"
56,796.07,"MIVedge"
57,848.46,"MIVedge"
58,901.26,"MIVedge"
59,951.06,"MIVedge"
60,999.86,"MIVedge"
61,1051.5,"MIVedge"
62,1106,"MIVedge"
63,1160.6,"MIVedge"
64,1217.1,"MIVedge"
65,1274.9,"MIVedge"
66,1332.4,"MIVedge"
67,1391.4,"MIVedge"
68,1453.2,"MIVedge"
69,1514.5,"MIVedge"
70,1576.2,"MIVedge"
71,1639.3,"MIVedge"
72,1716.3,"MIVedge"
73,1793.1,"MIVedge"
74,1871.5,"MIVedge"
75,1948.8,"MIVedge"
76,2030.7,"MIVedge"
77,2116,"MIVedge"
78,2201.8,"MIVedge"
79,2291,"MIVedge"
80,2384.8,"MIVedge"
81,2485,"MIVedge"
82,2585.5,"MIVedge"
83,2687.5,"MIVedge"
84,2797.9,"MIVedge"
85,2908.6,"MIVedge"
86,3021.4,"MIVedge"
87,3136.1,"MIVedge"
88,3248.3,"MIVedge"
89,3370.1,"MIVedge"
90,3490.7,"MIVedge"
91,3611,"MIVedge"
92,3727.4,"MIVedge"
93,3850.1,"MIVedge"
94,3972.4,"MIVedge"
95,4091.9,"MIVedge"
33,41.2,"MVedge"
34,56.7,"MVedge"
35,69,"MVedge"
36,88.9,"MVedge"
37,110.3,"MVedge"
38,133.09,"MVedge"
39,157.39,"MVedge"
40,179.99,"MVedge"
41,204.59,"MVedge"
42,226.99,"MVedge"
43,252.89,"MVedge"
44,279.39,"MVedge"
45,306.99,"MVedge"
46,334.69,"MVedge"
47,366.68,"MVedge"
48,403.68,"MVedge"
49,443.08,"MVedge"
50,484.78,"MVedge"
51,527.48,"MVedge"
52,572.08,"MVedge"
53,619.37,"MVedge"
54,672.27,"MVedge"
55,725.47,"MVedge"
56,780.67,"MVedge"
57,831.67,"MVedge"
58,883.26,"MVedge"
59,930.96,"MVedge"
60,977.66,"MVedge"
61,1026.9,"MVedge"
62,1080.2,"MVedge"
63,1130.9,"MVedge"
64,1185.2,"MVedge"
65,1241.1,"MVedge"
66,1294.8,"MVedge"
67,1351.3,"MVedge"
68,1409.2,"MVedge"
69,1467.6,"MVedge"
70,1527.7,"MVedge"
71,1588.4,"MVedge"
72,1661.6,"MVedge"
73,1735,"MVedge"
74,1809.1,"MVedge"
75,1882.8,"MVedge"
76,1960,"MVedge"
77,2040.3,"MVedge"
78,2121.5,"MVedge"
79,2205.6,"MVedge"
80,2294.8,"MVedge"
81,2389.2,"MVedge"
82,2483.9,"MVedge"
83,2579.5,"MVedge"
84,2682.9,"MVedge"
85,2786.6,"MVedge"
86,2892.3,"MVedge"
87,2999.8,"MVedge"
88,3104.8,"MVedge"
89,3218.9,"MVedge"
90,3331.9,"MVedge"
91,3441.7,"MVedge"
92,3551.6,"MVedge"
93,3665.6,"MVedge"
94,3777.9,"MVedge"
95,3886.7,"MVedge"
35,27.3,"NIedge"
36,24,"NIedge"
37,29.3,"NIedge"
38,37.7,"NIedge"
39,45.5,"NIedge"
40,51.3,"NIedge"
41,58.1,"NIedge"
42,61.8,"NIedge"
43,67.66,"NIedge"
44,74.9,"NIedge"
45,81,"NIedge"
46,86.4,"NIedge"
47,95.2,"NIedge"
48,107.6,"NIedge"
49,121.89,"NIedge"
50,136.49,"NIedge"
51,151.99,"NIedge"
52,168.29,"NIedge"
53,186.39,"NIedge"
54,207.67,"NIedge"
55,230.79,"NIedge"
56,252.99,"NIedge"
57,270.39,"NIedge"
58,289.59,"NIedge"
59,304.49,"NIedge"
60,315.19,"NIedge"
61,329.54,"NIedge"
62,345.69,"NIedge"
63,360.18,"NIedge"
64,375.78,"NIedge"
65,397.88,"NIedge"
66,416.28,"NIedge"
67,435.68,"NIedge"
68,449.08,"NIedge"
69,471.68,"NIedge"
70,487.18,"NIedge"
71,506.18,"NIedge"
72,538.08,"NIedge"
73,565.48,"NIedge"
74,594.98,"NIedge"
75,624.97,"NIedge"
76,654.27,"NIedge"
77,690.07,"NIedge"
78,721.97,"NIedge"
79,758.77,"NIedge"
80,800.27,"NIedge"
81,845.46,"NIedge"
82,893.56,"NIedge"
83,938.16,"NIedge"
84,995.26,"NIedge"
85,1042,"NIedge"
86,1097,"NIedge"
87,1153,"NIedge"
88,1208.3,"NIedge"
89,1268.9,"NIedge"
90,1329.4,"NIedge"
91,1387,"NIedge"
92,1440.7,"NIedge"
93,1500.6,"NIedge"
94,1558.5,"NIedge"
95,1617,"NIedge"
39,25.6,"NIIedge"
40,28.7,"NIIedge"
41,33.9,"NIIedge"
42,34.8,"NIIedge"
43,38.9,"NIIedge"
44,43.1,"NIIedge"
45,47.9,"NIIedge"
46,51.1,"NIIedge"
47,62.6,"NIIedge"
48,66.9,"NIIedge"
49,77.4,"NIIedge"
50,88.6,"NIIedge"
51,98.4,"NIIedge"
52,110.2,"NIIedge"
53,122.69,"NIIedge"
54,146.69,"NIIedge"
55,172.29,"NIIedge"
56,191.79,"NIIedge"
57,205.79,"NIIedge"
58,223.29,"NIIedge"
59,243.29,"NIIedge"
60,242.1,"NIIedge"
61,241.99,"NIIedge"
62,265.59,"NIIedge"
63,283.89,"NIIedge"
64,288.49,"NIIedge"
65,310.19,"NIIedge"
66,331.79,"NIIedge"
67,343.49,"NIIedge"
68,366.18,"NIIedge"
69,385.88,"NIIedge"
70,396.68,"NIIedge"
71,410.08,"NIIedge"
72,436.98,"NIIedge"
73,464.78,"NIIedge"
74,491.58,"NIIedge"
75,517.88,"NIIedge"
76,546.48,"NIIedge"
77,577.08,"NIIedge"
78,609.17,"NIIedge"
79,643.67,"NIIedge"
80,676.87,"NIIedge"
81,721.27,"NIIedge"
82,763.87,"NIIedge"
83,805.27,"NIIedge"
84,850.96,"NIIedge"
85,885.96,"NIIedge"
86,928.96,"NIIedge"
87,979.96,"NIIedge"
88,1057.6,"NIIedge"
89,1080,"NIIedge"
90,1168,"NIIedge"
91,1224.2,"NIIedge"
92,1272.5,"NIIedge"
93,1327.6,"NIIedge"
94,1372,"NIIedge"
95,1411.7,"NIIedge"
40,28.7,"NIIIedge"
41,33.9,"NIIIedge"
42,34.8,"NIIIedge"
43,38.9,"NIIIedge"
44,43.1,"NIIIedge"
45,47.9,"NIIIedge"
46,51.1,"NIIIedge"
47,55.9,"NIIIedge"
48,66.9,"NIIIedge"
49,77.4,"NIIIedge"
50,88.6,"NIIIedge"
51,98.4,"NIIIedge"
52,110.2,"NIIIedge"
53,122.69,"NIIIedge"
54,146.69,"NIIIedge"
55,161.59,"NIIIedge"
56,179.69,"NIIIedge"
57,191.39,"NIIIedge"
58,207.19,"NIIIedge"
59,217.59,"NIIIedge"
60,224.59,"NIIIedge"
61,241.99,"NIIIedge"
62,247.39,"NIIIedge"
63,256.59,"NIIIedge"
64,270.89,"NIIIedge"
65,284.99,"NIIIedge"
66,292.89,"NIIIedge"
67,306.59,"NIIIedge"
68,319.99,"NIIIedge"
69,336.59,"NIIIedge"
70,343.49,"NIIIedge"
71,359.28,"NIIIedge"
72,380.38,"NIIIedge"
73,404.48,"NIIIedge"
74,425.28,"NIIIedge"
75,444.38,"NIIIedge"
76,468.18,"NIIIedge"
77,494.28,"NIIIedge"
78,518.98,"NIIIedge"
79,545.38,"NIIIedge"
80,570.98,"NIIIedge"
81,608.97,"NIIIedge"
82,644.47,"NIIIedge"
83,678.87,"NIIIedge"
84,704.97,"NIIIedge"
85,739.97,"NIIIedge"
86,767.97,"NIIIedge"
87,809.97,"NIIIedge"
88,879.06,"NIIIedge"
89,889.96,"NIIIedge"
90,967.26,"NIIIedge"
91,1006.7,"NIIIedge"
92,1044.9,"NIIIedge"
93,1086.8,"NIIIedge"
94,1114.8,"NIIIedge"
95,1135.7,"NIIIedge"
49,16.2,"NIVedge"
50,23.9,"NIVedge"
51,31.4,"NIVedge"
52,39.8,"NIVedge"
53,49.6,"NIVedge"
54,63.07,"NIVedge"
55,78.8,"NIVedge"
56,92.5,"NIVedge"
57,98.9,"NIVedge"
58,110,"NIVedge"
59,113.2,"NIVedge"
60,117.5,"NIVedge"
61,120.39,"NIVedge"
62,128.99,"NIVedge"
63,133.19,"NIVedge"
64,140.49,"NIVedge"
65,146.99,"NIVedge"
66,154.19,"NIVedge"
67,160.99,"NIVedge"
68,176.69,"NIVedge"
69,179.59,"NIVedge"
70,198.09,"NIVedge"
71,204.79,"NIVedge"
72,223.79,"NIVedge"
73,241.29,"NIVedge"
74,258.79,"NIVedge"
75,273.69,"NIVedge"
76,289.39,"NIVedge"
77,311.39,"NIVedge"
78,330.79,"NIVedge"
79,351.99,"NIVedge"
80,378.28,"NIVedge"
81,406.58,"NIVedge"
82,435.18,"NIVedge"
83,463.58,"NIVedge"
84,500.18,"NIVedge"
85,533.18,"NIVedge"
86,566.58,"NIVedge"
87,603.27,"NIVedge"
88,635.87,"NIVedge"
89,674.87,"NIVedge"
90,714.07,"NIVedge"
91,743.37,"NIVedge"
92,780.37,"NIVedge"
93,815.87,"NIVedge"
94,848.86,"NIVedge"
95,878.66,"NIVedge"
57,98.9,"NVedge"
58,110,"NVedge"
59,113.2,"NVedge"
60,117.5,"NVedge"
61,120.39,"NVedge"
62,128.99,"NVedge"
63,133.19,"NVedge"
64,140.49,"NVedge"
65,146.99,"NVedge"
66,154.19,"NVedge"
67,160.99,"NVedge"
68,167.59,"NVedge"
69,179.59,"NVedge"
70,184.89,"NVedge"
71,194.99,"NVedge"
72,213.69,"NVedge"
73,229.29,"NVedge"
74,245.39,"NVedge"
75,260.19,"NVedge"
76,272.79,"NVedge"
77,294.89,"NVedge"
78,313.29,"NVedge"
79,333.89,"NVedge"
80,359.78,"NVedge"
81,386.18,"NVedge"
82,412.88,"NVedge"
83,439.98,"NVedge"
84,473.38,"NVedge"
85,510.41,"NVedge"
86,546.34,"NVedge"
87,576.98,"NVedge"
88,602.67,"NVedge"
89,638.04,"NVedge"
90,676.37,"NVedge"
91,708.17,"NVedge"
92,737.67,"NVedge"
93,770.27,"NVedge"
94,801.37,"NVedge"
95,827.57,"NVedge"
73,25,"NVIedge"
74,36.5,"NVIedge"
75,40.6,"NVIedge"
76,46.3,"NVIedge"
77,63.4,"NVIedge"
78,74.3,"NVIedge"
79,86.4,"NVIedge"
80,102.2,"NVIedge"
81,122.79,"NVIedge"
82,142.89,"NVIedge"
83,161.89,"NVIedge"
84,185.65,"NVIedge"
85,213.69,"NVIedge"
86,243.54,"NVIedge"
87,272.77,"NVIedge"
88,298.89,"NVIedge"
89,320.99,"NVIedge"
90,344.39,"NVIedge"
91,371.18,"NVIedge"
92,391.28,"NVIedge"
93,414.98,"NVIedge"
94,445.78,"NVIedge"
95,478.01,"NVIedge"
73,25,"NVIIedge"
74,33.6,"NVIIedge"
75,40.6,"NVIIedge"
76,46.3,"NVIIedge"
77,60.5,"NVIIedge"
78,71.1,"NVIIedge"
79,82.8,"NVIIedge"
80,98.5,"NVIIedge"
81,118.5,"NVIIedge"
82,138.09,"NVIIedge"
83,157.39,"NVIIedge"
84,182.74,"NVIIedge"
85,212.98,"NVIIedge"
86,244.7,"NVIIedge"
87,274.49,"NVIIedge"
88,298.89,"NVIIedge"
89,316.65,"NVIIedge"
90,335.19,"NVIIedge"
91,359.48,"NVIIedge"
92,380.88,"NVIIedge"
93,404.38,"NVIIedge"
94,432.38,"NVIIedge"
95,461.31,"NVIIedge"
65,39,"OIedge"
66,62.9,"OIedge"
67,51.2,"OIedge"
68,59.8,"OIedge"
69,53.2,"OIedge"
70,54.1,"OIedge"
71,56.8,"OIedge"
72,64.9,"OIedge"
73,71.1,"OIedge"
74,77.1,"OIedge"
75,82.8,"OIedge"
76,83.7,"OIedge"
77,95.2,"OIedge"
78,101.7,"OIedge"
79,107.8,"OIedge"
80,120.29,"OIedge"
81,136.29,"OIedge"
82,147.29,"OIedge"
83,159.29,"OIedge"
84,175.18,"OIedge"
85,194.01,"OIedge"
86,214.41,"OIedge"
87,234.99,"OIedge"
88,254.39,"OIedge"
89,271.96,"OIedge"
90,290.19,"OIedge"
91,309.59,"OIedge"
92,323.69,"OIedge"
93,337.41,"OIedge"
94,351.89,"OIedge"
95,366.49,"OIedge"
